Method,Model,Accuracy,Precision,Recall,F1
mir,ANN,0.7382716049382716,0.7375463997185661,0.7382716049382716,0.7363647819543853
mir,CNN,0.7604938271604939,0.7655438215201754,0.7604938271604939,0.761051732729647
