Method,Model,Accuracy,Precision,Recall,F1
mir,ANN,0.7555555555555555,0.7535250699880148,0.7555555555555555,0.752912406815656
mir,CNN,0.7654320987654321,0.7690911033028428,0.7654320987654321,0.7659657572680357
