Method,Model,Accuracy,Precision,Recall,F1
mir,ANN,0.7407407407407407,0.7401576871290133,0.7407407407407407,0.7379417850844777
mir,CNN,0.7580246913580246,0.7594206326204801,0.7580246913580246,0.7578559223506532
