Method,Model,Accuracy,Precision,Recall,F1
skb,ANN,0.7308641975308642,0.7363682209212734,0.7308641975308642,0.7261828824010074
skb,CNN,0.7580246913580246,0.7610502472743311,0.7580246913580246,0.7590113798542767
