Method,Model,Accuracy,Precision,Recall,F1
skb,ANN,0.7234567901234568,0.7220241893463426,0.7234567901234568,0.7159478893922474
skb,CNN,0.745679012345679,0.7595049524995405,0.745679012345679,0.7463512241698828
