Accuracy,Precision,Recall,F1,Method,Model,Optimizer,TimeSec
0.8197530864197531,0.8246302923288871,0.8197530864197531,0.8190469976119586,fscs,Logistic Regression,Randomized,0.9417910575866699
0.7777777777777778,0.783914386859276,0.7777777777777778,0.7785825864717298,fscs,Gradient Boosting,Randomized,49.876097440719604
0.7481481481481481,0.7533512047258847,0.7481481481481481,0.7476250454716826,fscs,KNN,Randomized,0.6928682327270508
0.8074074074074075,0.8103153604468212,0.8074074074074075,0.8067963520317449,fscs,Random Forest,Randomized,19.49900460243225
0.7506172839506173,0.7549061465100424,0.7506172839506173,0.7513176232544557,fscs,Decision Tree,Randomized,0.3453633785247803
0.8074074074074075,0.8099932671223167,0.8074074074074075,0.8072669756779193,fscs,SVM,Randomized,7.1009581089019775
