Method,Model,Accuracy,Precision,Recall,F1
mi,ANN,0.762962962962963,0.7633865475353018,0.762962962962963,0.7616879729601786
mi,CNN,0.7382716049382716,0.748450585126668,0.7382716049382716,0.7405030053256476
