Method,Model,Accuracy,Precision,Recall,F1
mi,ANN,0.7432098765432099,0.7419369700936888,0.7432098765432099,0.7407289900642056
mi,CNN,0.7604938271604939,0.7732161798928465,0.7604938271604939,0.7629778001185654
