Method,Model,Accuracy,Precision,Recall,F1
mi,ANN,0.725925925925926,0.7266600818798387,0.725925925925926,0.7208852355142656
mi,CNN,0.7382716049382716,0.7510531130942544,0.7382716049382716,0.7400724591576183
