Method,Model,Accuracy,Precision,Recall,F1
mir,ANN,0.7530864197530864,0.753333064537585,0.7530864197530864,0.7518748391052943
mir,CNN,0.7777777777777778,0.7761074236123282,0.7777777777777778,0.7765273441638293
