Model,Accuracy,Precision,Recall,F1
Logistic Regression,0.8,0.8010700781296596,0.8,0.7993004209484149
Gradient Boosting,0.7654320987654321,0.7657222341019447,0.7654320987654321,0.7650275123626934
KNN,0.6666666666666666,0.6639396336034525,0.6666666666666666,0.6636428569224393
Random Forest,0.7481481481481481,0.7499131766735301,0.7481481481481481,0.7480829503791072
Decision Tree,0.6641975308641975,0.664858365754876,0.6641975308641975,0.6644370433982456
SVM,0.7802469135802469,0.7809006343971879,0.7802469135802469,0.7796274633284072
