Method,Model,Accuracy,Precision,Recall,F1
pc,ANN,0.7728395061728395,0.787567736339265,0.7728395061728395,0.7657800694354456
pc,CNN,0.7901234567901234,0.7963270102372311,0.7901234567901234,0.7917005332508819
