Method,Model,Accuracy,Precision,Recall,F1
pc,ANN,0.8395061728395061,0.8411643669813604,0.8395061728395061,0.8392597028594323
pc,CNN,0.8444444444444444,0.8453211201547306,0.8444444444444444,0.8443123209070381
