Method,Model,Accuracy,Precision,Recall,F1
etc,ANN,0.7703703703703704,0.7715824143264868,0.7703703703703704,0.7660483188807415
etc,CNN,0.7901234567901234,0.8018361342509364,0.7901234567901234,0.7925043376132623
