Method,Model,Accuracy,Precision,Recall,F1
mi,ANN,0.7407407407407407,0.7415670633449594,0.7407407407407407,0.7375817752470561
mi,CNN,0.7506172839506173,0.7550676021491547,0.7506172839506173,0.7522138032672062
