Model,Accuracy,Precision,Recall,F1 Score
ANN,0.908641975308642,0.9100533904042676,0.908641975308642,0.9087756285658036
CNN,0.8419753086419753,0.8422668537599471,0.8419753086419753,0.8397184333843078
