Model,Accuracy,Precision,Recall,F1 Score
ANN,0.8222222222222222,0.8236051915256014,0.8222222222222222,0.8223702810611941
CNN,0.7604938271604939,0.7693345770098968,0.7604938271604939,0.7612186120814398
