Model,Accuracy,Precision,Recall,F1 Score
ANN,0.9012345679012346,0.9077938504756258,0.9012345679012346,0.9017793825278886
CNN,0.9555555555555556,0.9557820283984944,0.9555555555555556,0.9553609587164299
