Method,Model,Accuracy,Precision,Recall,F1
mu,ANN,0.7753086419753087,0.7778046281685008,0.7753086419753087,0.7730922186309828
mu,CNN,0.7802469135802469,0.7954595904114911,0.7802469135802469,0.7824452105333545
