Method,Model,Accuracy,Precision,Recall,F1
mu,ANN,0.7950617283950617,0.7979196432377363,0.7950617283950617,0.7933084922365368
mu,CNN,0.8271604938271605,0.8290868396560139,0.8271604938271605,0.8271211533732258
