Accuracy,Precision,Recall,F1,Method,Model,Optimizer,TimeSec
0.8123456790123457,0.8154920725566921,0.8123456790123457,0.8122807720496235,fscs,Logistic Regression,Bayes,11.21176815032959
0.7851851851851852,0.788567211174095,0.7851851851851852,0.7842117237177626,fscs,Gradient Boosting,Bayes,113.65592241287231
0.7185185185185186,0.7300181890795585,0.7185185185185186,0.7149767412203107,fscs,KNN,Bayes,13.342005968093872
0.7925925925925926,0.7980816666728314,0.7925925925925926,0.7924792394759173,fscs,Random Forest,Bayes,33.26929950714111
0.7481481481481481,0.7483170846913537,0.7481481481481481,0.7450101064711735,fscs,Decision Tree,Bayes,11.56830644607544
0.8098765432098766,0.8144466032956674,0.8098765432098766,0.8105381261422553,fscs,SVM,Bayes,16.72301435470581
