Method,Model,Accuracy,Precision,Recall,F1
mir,ANN,0.8074074074074075,0.8097302321634883,0.8074074074074075,0.8060739652219329
mir,CNN,0.8395061728395061,0.8452289426740437,0.8395061728395061,0.8407061151479335
