Method,Model,Accuracy,Precision,Recall,F1
mi,ANN,0.7654320987654321,0.7648021481519299,0.7654320987654321,0.7641522590751499
mi,CNN,0.782716049382716,0.7904874327550333,0.782716049382716,0.7842884462737306
