Model,Accuracy,Precision,Recall,F1
Logistic Regression,0.8740740740740741,0.8742220044155355,0.8740740740740741,0.8738161744319
Gradient Boosting,0.8567901234567902,0.8577168691525638,0.8567901234567902,0.8571367971827145
KNN,0.782716049382716,0.7828409126834351,0.782716049382716,0.7822035753897585
Random Forest,0.8123456790123457,0.8128835413825362,0.8123456790123457,0.8125124115860802
Decision Tree,0.7012345679012346,0.6993487036831142,0.7012345679012346,0.6997047888299129
SVM,0.8592592592592593,0.8599415159122308,0.8592592592592593,0.859288219366851
