Method,Model,Accuracy,Precision,Recall,F1
pc,ANN,0.7530864197530864,0.75991996505491,0.7530864197530864,0.7488383974384916
pc,CNN,0.7802469135802469,0.7884162321242278,0.7802469135802469,0.7808557688092679
