Method,Model,Accuracy,Precision,Recall,F1
pc,ANN,0.7407407407407407,0.7442171132648709,0.7407407407407407,0.7339918320230616
pc,CNN,0.7283950617283951,0.735521631190181,0.7283950617283951,0.7289548347485935
