Method,Model,Accuracy,Precision,Recall,F1
etc,ANN,0.8197530864197531,0.8194874809689624,0.8197530864197531,0.8187523913596626
etc,CNN,0.8148148148148148,0.8268296898140634,0.8148148148148148,0.8159899897921995
