Method,Model,Accuracy,Precision,Recall,F1
etc,ANN,0.7679012345679013,0.7684825904206409,0.7679012345679013,0.7647151955842756
etc,CNN,0.8,0.8074428314990015,0.8,0.8011168932638686
