Method,Model,Accuracy,Precision,Recall,F1
rfe,ANN,0.8024691358024691,0.8018044713536131,0.8024691358024691,0.8016567067241298
rfe,CNN,0.7802469135802469,0.7877020593743027,0.7802469135802469,0.7812500312345758
