Method,Model,Accuracy,Precision,Recall,F1
rfe,ANN,0.762962962962963,0.766687949072897,0.762962962962963,0.760577341007754
rfe,CNN,0.762962962962963,0.7713237847976803,0.762962962962963,0.7635648989434328
