Method,Model,Accuracy,Precision,Recall,F1
rfe,ANN,0.8049382716049382,0.8071782530162201,0.8049382716049382,0.8046242469644733
rfe,CNN,0.7753086419753087,0.7866658658265127,0.7753086419753087,0.777371334455209
