Method,Model,Accuracy,Precision,Recall,F1
mir,ANN,0.8469135802469135,0.8474363345526137,0.8469135802469135,0.8466179341588439
mir,CNN,0.8518518518518519,0.8520267631988597,0.8518518518518519,0.8515100077895101
