Method,Model,Accuracy,Precision,Recall,F1
mir,ANN,0.7975308641975308,0.8003153607121862,0.7975308641975308,0.7957677114597194
mir,CNN,0.8296296296296296,0.8303169794939547,0.8296296296296296,0.8296859774084125
