Method,Model,Accuracy,Precision,Recall,F1
rfe,ANN,0.7604938271604939,0.7641075859250013,0.7604938271604939,0.7568331219027029
rfe,CNN,0.7432098765432099,0.7467413516095368,0.7432098765432099,0.7425127068118438
