Method,Model,Accuracy,Precision,Recall,F1
rfe,ANN,0.7654320987654321,0.7669998500524816,0.7654320987654321,0.7633253367551494
rfe,CNN,0.745679012345679,0.7569161762277861,0.745679012345679,0.7468427772976403
