Model,Accuracy,Precision,Recall,F1
Logistic Regression,0.8691358024691358,0.8720616893763985,0.8691358024691358,0.8690494204302222
Gradient Boosting,0.8271604938271605,0.8317284065975298,0.8271604938271605,0.8266966007448506
KNN,0.8,0.8020371829670488,0.8,0.799326657842137
Random Forest,0.8222222222222222,0.8236585818505383,0.8222222222222222,0.8219780966812915
Decision Tree,0.7185185185185186,0.7202271083576555,0.7185185185185186,0.718326205294625
SVM,0.8444444444444444,0.8473997351452905,0.8444444444444444,0.8444175692936167
