Method,Model,Accuracy,Precision,Recall,F1
mi,ANN,0.7950617283950617,0.7947247910822388,0.7950617283950617,0.793791385433399
mi,CNN,0.8098765432098766,0.8139678581844807,0.8098765432098766,0.8107651333335132
