Method,Model,Accuracy,Precision,Recall,F1
fscs,ANN,0.837037037037037,0.8376008221549929,0.837037037037037,0.8362695694543315
fscs,CNN,0.854320987654321,0.8546879254673978,0.854320987654321,0.853624989733704
