Method,Model,Accuracy,Precision,Recall,F1
fscs,ANN,0.7851851851851852,0.7841443564621581,0.7851851851851852,0.7833111764393127
fscs,CNN,0.8074074074074075,0.8084227979618316,0.8074074074074075,0.8064432876468887
