Method,Model,Accuracy,Precision,Recall,F1
skb,ANN,0.7530864197530864,0.7527840384002749,0.7530864197530864,0.7483765573294583
skb,CNN,0.7530864197530864,0.7596328621843025,0.7530864197530864,0.754989413804314
