Method,Model,Accuracy,Precision,Recall,F1
vt,ANN,0.7950617283950617,0.7963265272639336,0.7950617283950617,0.7919653378157893
vt,CNN,0.8098765432098766,0.8105604859086983,0.8098765432098766,0.8093920954274485
