Method,Model,Accuracy,Precision,Recall,F1
vt,ANN,0.7876543209876543,0.7868106343742434,0.7876543209876543,0.783909653356731
vt,CNN,0.7876543209876543,0.7885362613768412,0.7876543209876543,0.7876455532404995
