Method,Model,Accuracy,Precision,Recall,F1
pc,ANN,0.7580246913580246,0.7576036500055284,0.7580246913580246,0.7554738086600417
pc,CNN,0.745679012345679,0.7561997007108118,0.745679012345679,0.7481079516349172
