Method,Model,Accuracy,Precision,Recall,F1
fscs,ANN,0.7925925925925926,0.7953605822253199,0.7925925925925926,0.792135622006128
fscs,CNN,0.7703703703703704,0.7801313619715879,0.7703703703703704,0.771650369821853
