Accuracy,Precision,Recall,F1,Method,Model,Optimizer,TimeSec
0.8197530864197531,0.8203152249782567,0.8197530864197531,0.8199045561326264,rfe,Logistic Regression,Randomized,7.380143165588379
0.7975308641975308,0.8017900900561836,0.7975308641975308,0.7975986584685305,rfe,Gradient Boosting,Randomized,45.34800386428833
0.7333333333333333,0.7387709214910984,0.7333333333333333,0.7290127447289949,rfe,KNN,Randomized,0.4704742431640625
0.7851851851851852,0.7876820556795587,0.7851851851851852,0.7858589489941338,rfe,Random Forest,Randomized,13.11018180847168
0.7432098765432099,0.7427678868051715,0.7432098765432099,0.7425473696030089,rfe,Decision Tree,Randomized,0.12541937828063965
0.8098765432098766,0.8112634904078471,0.8098765432098766,0.8099359290159426,rfe,SVM,Randomized,4.979189157485962
