Method,Model,Accuracy,Precision,Recall,F1
vt,ANN,0.8024691358024691,0.808197807854274,0.8024691358024691,0.801471802217519
vt,CNN,0.8419753086419753,0.8452683843263553,0.8419753086419753,0.8424389675069999
