Model,Accuracy,Precision,Recall,F1
Logistic Regression,0.7876543209876543,0.7876156470428777,0.7876543209876543,0.7857719708975298
Gradient Boosting,0.7333333333333333,0.7336399703198511,0.7333333333333333,0.7321530813204208
KNN,0.7061728395061728,0.7069618652550005,0.7061728395061728,0.699540545492003
Random Forest,0.7382716049382716,0.7406177451171934,0.7382716049382716,0.7387011150147359
Decision Tree,0.5975308641975309,0.5964426363807965,0.5975308641975309,0.5964484537039015
SVM,0.762962962962963,0.765043336115074,0.762962962962963,0.763226082591213
