Method,Model,Accuracy,Precision,Recall,F1
mu,ANN,0.7777777777777778,0.7813260164828618,0.7777777777777778,0.7754234141930032
mu,CNN,0.7851851851851852,0.798916640348543,0.7851851851851852,0.7868105270230688
