Method,Model,Accuracy,Precision,Recall,F1
vt,ANN,0.7925925925925926,0.7920182903516237,0.7925925925925926,0.7899915494128167
vt,CNN,0.8148148148148148,0.813536525651574,0.8148148148148148,0.8132765201905964
