Method,Model,Accuracy,Precision,Recall,F1
mu,ANN,0.7209876543209877,0.7217271050370466,0.7209876543209877,0.7193534710015652
mu,CNN,0.725925925925926,0.7402838014068871,0.725925925925926,0.7279086961062328
