Method,Model,Accuracy,Precision,Recall,F1
mu,ANN,0.7679012345679013,0.7661932764458231,0.7679012345679013,0.7664581735743419
mu,CNN,0.7851851851851852,0.7926937369994873,0.7851851851851852,0.7864465774958057
