Accuracy,Precision,Recall,F1,Method,Model,Optimizer,TimeSec
0.817283950617284,0.8188226267061313,0.817283950617284,0.8175521920734646,mi,Logistic Regression,Grid,0.1291804313659668
0.7728395061728395,0.7745271094108304,0.7728395061728395,0.7722462573315286,mi,Gradient Boosting,Grid,15.366513967514038
0.7160493827160493,0.722955934843426,0.7160493827160493,0.7079657764210064,mi,KNN,Grid,0.3278770446777344
0.782716049382716,0.7853239771702993,0.782716049382716,0.7831104052001333,mi,Random Forest,Grid,1.9978601932525635
0.6888888888888889,0.6895450853484189,0.6888888888888889,0.6852311288746817,mi,Decision Tree,Grid,0.06260275840759277
0.8148148148148148,0.8161741715825815,0.8148148148148148,0.8149774054747918,mi,SVM,Grid,0.9871985912322998
