Accuracy,Precision,Recall,F1,Method,Model,Optimizer,TimeSec
0.8123456790123457,0.8139160148728836,0.8123456790123457,0.8126308413592551,mi,Logistic Regression,Randomized,2.8764638900756836
0.7851851851851852,0.7870476132698355,0.7851851851851852,0.7846167248446817,mi,Gradient Boosting,Randomized,49.20237112045288
0.7283950617283951,0.7417090064414169,0.7283950617283951,0.7216068324619971,mi,KNN,Randomized,0.20334434509277344
0.7802469135802469,0.7840188452820827,0.7802469135802469,0.779215841502458,mi,Random Forest,Randomized,11.700350761413574
0.6839506172839506,0.6831668750691152,0.6839506172839506,0.6827249737986878,mi,Decision Tree,Randomized,0.15030288696289062
0.7851851851851852,0.7858009154632672,0.7851851851851852,0.785062905090419,mi,SVM,Randomized,4.522205829620361
