Model,Accuracy,Precision,Recall,F1
Logistic Regression,0.7283950617283951,0.7324378910080891,0.7283950617283951,0.7291389677517667
Gradient Boosting,0.7061728395061728,0.7071640419218476,0.7061728395061728,0.7061752508840755
KNN,0.6395061728395062,0.646249445712846,0.6395061728395062,0.6387872151002008
Random Forest,0.7209876543209877,0.7265882095110874,0.7209876543209877,0.7221103344231896
Decision Tree,0.6518518518518519,0.6586303102000051,0.6518518518518519,0.6539090374354058
SVM,0.7234567901234568,0.7282516728928716,0.7234567901234568,0.7243622570178327
