Method,Model,Accuracy,Precision,Recall,F1
fscs,ANN,0.7382716049382716,0.7456967125057908,0.7382716049382716,0.733809300981934
fscs,CNN,0.7209876543209877,0.723461677148916,0.7209876543209877,0.7206219026824914
