Method,Model,Accuracy,Precision,Recall,F1
fscs,ANN,0.7185185185185186,0.7307480301696277,0.7185185185185186,0.7124645032775114
fscs,CNN,0.725925925925926,0.7297002597316359,0.725925925925926,0.7266746454546019
