Method,Model,Accuracy,Precision,Recall,F1
mu,ANN,0.7234567901234568,0.7216862466287755,0.7234567901234568,0.720617266556286
mu,CNN,0.7333333333333333,0.742176466835965,0.7333333333333333,0.7359121527359189
