Method,Model,Accuracy,Precision,Recall,F1
mu,ANN,0.7061728395061728,0.7029612753883968,0.7061728395061728,0.7013018996435322
mu,CNN,0.7209876543209877,0.7288924577998293,0.7209876543209877,0.7223624253085025
