Method,Model,Accuracy,Precision,Recall,F1
fscs,ANN,0.8049382716049382,0.8115230790387266,0.8049382716049382,0.8024518582496992
fscs,CNN,0.8148148148148148,0.8196056367839273,0.8148148148148148,0.8150796344601366
