Method,Model,Accuracy,Precision,Recall,F1
fscs,ANN,0.7530864197530864,0.7561352886160408,0.7530864197530864,0.7498359850642565
fscs,CNN,0.7654320987654321,0.773652162511095,0.7654320987654321,0.7636503050793254
