Method,Model,Accuracy,Precision,Recall,F1
etc,ANN,0.7925925925925926,0.7929722116829405,0.7925925925925926,0.7895975573738303
etc,CNN,0.8,0.8023684167428012,0.8,0.7990293021773207
