Method,Model,Accuracy,Precision,Recall,F1
etc,ANN,0.8419753086419753,0.8439777367656413,0.8419753086419753,0.8413681240899961
etc,CNN,0.8197530864197531,0.8250037541978459,0.8197530864197531,0.8211668744500337
