Method,Model,Accuracy,Precision,Recall,F1
skb,ANN,0.817283950617284,0.8248896831380226,0.817283950617284,0.8151019217168748
skb,CNN,0.8592592592592593,0.8599661644909962,0.8592592592592593,0.8588665319461148
