Method,Model,Accuracy,Precision,Recall,F1
skb,ANN,0.8123456790123457,0.8106315804393229,0.8123456790123457,0.8108835771936238
skb,CNN,0.8,0.8029049102315818,0.8,0.8001652412073922
