Accuracy,Precision,Recall,F1,Method,Model,Optimizer,TimeSec
0.8320987654320988,0.8356545007530123,0.8320987654320988,0.8324635326963289,vt,Logistic Regression,Randomized,2.3381338119506836
0.7975308641975308,0.7994793017032338,0.7975308641975308,0.7977543650318901,vt,Gradient Boosting,Randomized,59.009119272232056
0.745679012345679,0.7642718758256991,0.745679012345679,0.7376564825687631,vt,KNN,Randomized,0.23515987396240234
0.7925925925925926,0.8007686269175078,0.7925925925925926,0.7932879632066187,vt,Random Forest,Randomized,12.839989423751831
0.7086419753086419,0.7136379736006846,0.7086419753086419,0.7087196276930552,vt,Decision Tree,Randomized,0.1338653564453125
0.8024691358024691,0.8049224168659577,0.8024691358024691,0.8021895613165065,vt,SVM,Randomized,4.302069425582886
