Method,Model,Accuracy,Precision,Recall,F1
skb,ANN,0.7925925925925926,0.7931266046952321,0.7925925925925926,0.7923822983009621
skb,CNN,0.7555555555555555,0.7615374230960981,0.7555555555555555,0.7568272783976517
