Method,Model,Accuracy,Precision,Recall,F1
pc,ANN,0.8098765432098766,0.8093667574857892,0.8098765432098766,0.8077943630834152
pc,CNN,0.7555555555555555,0.7684260434660387,0.7555555555555555,0.7560661059587822
