Accuracy,Precision,Recall,F1,Method,Model,Optimizer,TimeSec
0.8,0.7987000107476299,0.8,0.7987742016516626,etc,Logistic Regression,Randomized,1.485321044921875
0.7679012345679013,0.7686936828421638,0.7679012345679013,0.7663867478749187,etc,Gradient Boosting,Randomized,45.14644956588745
0.7308641975308642,0.7381344678399884,0.7308641975308642,0.727799678806248,etc,KNN,Randomized,0.39415836334228516
0.762962962962963,0.7699197675347199,0.762962962962963,0.7606640964996269,etc,Random Forest,Randomized,9.877639532089233
0.6814814814814815,0.6873821991221425,0.6814814814814815,0.6789481050713788,etc,Decision Tree,Randomized,0.1166229248046875
0.7703703703703704,0.7697771984167383,0.7703703703703704,0.7694161169436157,etc,SVM,Randomized,4.6628804206848145
