Method,Model,Accuracy,Precision,Recall,F1
rfe,ANN,0.837037037037037,0.8377119915859838,0.837037037037037,0.8356250368585313
rfe,CNN,0.8246913580246914,0.8268596838242572,0.8246913580246914,0.8245930824546348
