Method,Model,Accuracy,Precision,Recall,F1
rfe,ANN,0.817283950617284,0.8170669488620088,0.817283950617284,0.8164251078029746
rfe,CNN,0.8148148148148148,0.819800349319968,0.8148148148148148,0.8160691613868952
