Method,Model,Accuracy,Precision,Recall,F1
etc,ANN,0.7555555555555555,0.7536207075422762,0.7555555555555555,0.7496117784743479
etc,CNN,0.7876543209876543,0.7906955317640997,0.7876543209876543,0.7882052288585659
