Method,Model,Accuracy,Precision,Recall,F1
etc,ANN,0.7753086419753087,0.7737676695944476,0.7753086419753087,0.7709819995302172
etc,CNN,0.7777777777777778,0.7791557186111198,0.7777777777777778,0.77834402754681
