Method,Model,Accuracy,Precision,Recall,F1
vt,ANN,0.837037037037037,0.838533886145454,0.837037037037037,0.8367278578655941
vt,CNN,0.8493827160493828,0.854321023563278,0.8493827160493828,0.8501255446182027
