Method,Model,Accuracy,Precision,Recall,F1
vt,ANN,0.8098765432098766,0.8142842316000211,0.8098765432098766,0.8085420308808143
vt,CNN,0.7950617283950617,0.8013429053813642,0.7950617283950617,0.7947498225733197
