Model,Accuracy,Precision,Recall,F1
Logistic Regression,0.7679012345679013,0.7717094703533359,0.7679012345679013,0.7688258622025148
Gradient Boosting,0.7604938271604939,0.7665655792851019,0.7604938271604939,0.7613011099186701
KNN,0.6617283950617284,0.6645980285002193,0.6617283950617284,0.6590360002381794
Random Forest,0.7382716049382716,0.7468415072573199,0.7382716049382716,0.7385107333254094
Decision Tree,0.6567901234567901,0.657776933796088,0.6567901234567901,0.6550807153616163
SVM,0.7604938271604939,0.7648758523199597,0.7604938271604939,0.76142194468571
